{"cameraMode":{"drawMode":0,"name":"Shaded","section":"Shading Mode"},"sceneLighting":true,"audioPlay":false,"sceneViewState":{"m_AlwaysRefresh":false,"showFog":true,"showSkybox":true,"showFlares":true,"showImageEffects":true,"showParticleSystems":true,"showVisualEffectGraphs":true,"m_FxEnabled":true},"in2DMode":false,"pivot":{"x":-0.2709601819515228,"y":1.4109708070755005,"z":0.5459622144699097},"rotation":{"x":-0.20328210294246674,"y":0.1915697157382965,"z":-0.04059341177344322,"w":-0.9593383073806763},"size":0.40071526169776919,"orthographic":false}