{"cameraMode":{"drawMode":0,"name":"Shaded","section":"Shading Mode"},"sceneLighting":true,"audioPlay":false,"sceneViewState":{"m_AlwaysRefresh":false,"showFog":true,"showSkybox":false,"showFlares":true,"showImageEffects":true,"showParticleSystems":true,"showVisualEffectGraphs":true,"m_FxEnabled":true},"in2DMode":false,"pivot":{"x":-0.001341402530670166,"y":-0.06988608092069626,"z":-0.2903484106063843},"rotation":{"x":0.11041685938835144,"y":0.2280503660440445,"z":0.02603949047625065,"w":-0.9670186638832092},"size":0.18577420711517335,"orthographic":false}