{"cameraMode":{"drawMode":0,"name":"Shaded","section":"Shading Mode"},"sceneLighting":false,"audioPlay":false,"sceneViewState":{"m_AlwaysRefresh":false,"showFog":true,"showSkybox":false,"showFlares":true,"showImageEffects":true,"showParticleSystems":true,"showVisualEffectGraphs":true,"m_FxEnabled":true},"in2DMode":false,"pivot":{"x":-0.0009613260626792908,"y":0.10435650497674942,"z":-0.0005966275930404663},"rotation":{"x":-0.20328210294246674,"y":0.1915697157382965,"z":-0.04059341177344322,"w":-0.9593383073806763},"size":0.17681384086608888,"orthographic":false}